-- +goose Up
-- +goose StatementBegin
INSERT INTO users (name, email, password, phone, created_at) VALUES
('Александр Петров', 'alexandr@example.com', 'password123', '89001234568', NOW()),
('Марина Васильева', 'marina@example.com', 'password123', '89007654322', NOW()),
('Станислав Кузнецов', 'stanislav@example.com', 'password123', '89002345679', NOW()),
('Анна Морозова', 'anna@example.com', 'password123', '89003456780', NOW()),
('Виктор Соловьев', 'viktor@example.com', 'password123', '89004567891', NOW()),
('Елизавета Романова', 'elizaveta@example.com', 'password123', '89005678902', NOW()),
('Николай Федоров', 'nikolai@example.com', 'password123', '89006789013', NOW()),
('Ксения Сергеева', 'ksenia@example.com', 'password123', '89007890124', NOW()),
('Данил Лебедев', 'danil@example.com', 'password123', '89008901235', NOW()),
('Ольга Иванова', 'olga.ivanova@example.com', 'password123', '89009012346', NOW()),
('Артем Ковалев', 'artem@example.com', 'password123', '89001234569', NOW()),
('Светлана Орлова', 'svetlana@example.com', 'password123', '89009876543', NOW()),
('Ирина Тихонова', 'irina@example.com', 'password123', '89005432167', NOW()),
('Григорий Ширяев', 'grigory@example.com', 'password123', '89006543210', NOW()),
('Татьяна Яковлева', 'tatyana@example.com', 'password123', '89007654323', NOW()),
('Валерий Никифоров', 'valeriy@example.com', 'password123', '89008765432', NOW()),
('Маргарита Сидорова', 'margarita@example.com', 'password123', '89009876544', NOW()),
('Олеся Куликова', 'olesya@example.com', 'password123', '89001234570', NOW()),
('Константин Петров', 'konstantin@example.com', 'password123', '89004567892', NOW());

INSERT INTO promotions (name, discount, start_date, end_date, conditions) VALUES
('Летняя распродажа', 15.00, NOW(), NOW() + INTERVAL '30 days', 'Действует на все маршруты'),
('Зимняя скидка', 20.00, NOW(), NOW() + INTERVAL '60 days', 'Действует на поездки по выходным'),
('Студенческое предложение', 10.00, NOW(), NOW() + INTERVAL '90 days', 'Действует для студентов с удостоверением'),
('Семейный пакет', 25.00, NOW(), NOW() + INTERVAL '45 days', 'Купите 4 билета и получите 25% скидки'),
('Раннее бронирование', 5.00, NOW(), NOW() + INTERVAL '30 days', 'Бронирование за 2 недели'),
('Праздничное предложение', 30.00, NOW(), NOW() + INTERVAL '15 days', 'Действует на праздничные поездки'),
('Программа лояльности', 10.00, NOW(), NOW() + INTERVAL '120 days', 'Для постоянных клиентов'),
('Мгновенная распродажа', 50.00, NOW(), NOW() + INTERVAL '1 day', 'Ограниченное предложение'),
('Групповая скидка', 15.00, NOW(), NOW() + INTERVAL '30 days', 'Для групп от 5 человек'),
('Скидка в последний момент', 10.00, NOW(), NOW() + INTERVAL '7 days', 'Бронирование за 24 часа'),
('Восемь марта', 20.00, NOW(), NOW() + INTERVAL '14 days', 'Скидка для женщин'),
('День защитника Отечества', 15.00, NOW(), NOW() + INTERVAL '30 days', 'Скидка для мужчин'),
('Скидка на бизнес-класс', 25.00, NOW(), NOW() + INTERVAL '60 days', 'На выбранные рейсы'),
('Промо на выходные', 10.00, NOW(), NOW() + INTERVAL '20 days', 'Скидка на поездки по выходным'),
('Летний отдых', 30.00, NOW(), NOW() + INTERVAL '90 days', 'Скидка на летние маршруты'),
('Скидка на экскурсии', 15.00, NOW(), NOW() + INTERVAL '45 days', 'Скидка на экскурсионные поездки'),
('Скидка для пенсионеров', 10.00, NOW(), NOW() + INTERVAL '120 days', 'Скидка для пенсионеров'),
('Скидка на возврат билета', 20.00, NOW(), NOW() + INTERVAL '10 days', 'Скидка на возврат билета'),
('Скидка на групповые поездки', 15.00, NOW(), NOW() + INTERVAL '30 days', 'Для групп от 5 человек'),
('Скидка на детские билеты', 20.00, NOW(), NOW() + INTERVAL '60 days', 'Скидка для детей до 12 лет');

INSERT INTO stations (name, city, type, latitude, longitude) VALUES
('Аэропорт Шереметьево', 'Москва', 'airport', 55.9716, 37.4146),
('Вокзал Москва-Пассажирская-Ярославская', 'Москва', 'train_station', 55.7725, 37.6664),
('Аэропорт Пулково', 'Санкт-Петербург', 'airport', 59.7969, 30.2821),
('Московский вокзал', 'Санкт-Петербург', 'train_station', 59.9396, 30.3182),
('Аэропорт Домодедово', 'Москва', 'airport', 55.4075, 37.9160),
('Казанский вокзал', 'Москва', 'train_station', 55.7708, 37.6671),
('Аэропорт Внуково', 'Москва', 'airport', 55.6106, 37.3014),
('Ладожский вокзал', 'Санкт-Петербург', 'train_station', 59.9431, 30.3539),
('Аэропорт Кольцово', 'Екатеринбург', 'airport', 56.6884, 60.7019),
('Вокзал Екатеринбург-Пассажирский', 'Екатеринбург', 'train_station', 56.8376, 60.6020),
('Аэропорт Казань', 'Казань', 'airport', 55.6062, 49.2783),
('Аэропорт Сочи', 'Сочи', 'airport', 43.4492, 39.9563),
('Вокзал Новосибирск-Главный', 'Новосибирск', 'train_station', 55.0403, 82.9220),
('Аэропорт Калининград', 'Калининград', 'airport', 54.9125, 20.5940),
('Вокзал Самара', 'Самара', 'train_station', 53.1984, 50.1375),
('Аэропорт Ростов-на-Дону', 'Ростов-на-Дону', 'airport', 47.2225, 39.7015),
('Вокзал Уфа', 'Уфа', 'train_station', 54.7383, 55.9671),
('Аэропорт Краснодар', 'Краснодар', 'airport', 45.0421, 38.9753),
('Вокзал Тюмень', 'Тюмень', 'train_station', 57.1512, 65.5272),
('Аэропорт Владивосток', 'Владивосток', 'airport', 43.3982, 131.8720);

INSERT INTO operators (name, contact_info, country) VALUES
('Аэрофлот','contact@aeroflot.ru; +7-800-555-0101','Россия'),
('РЖД','contact@rzd.ru; +7-800-555-0102','Россия'),
('S7 Airlines','contact@s7.ru; +7-800-555-0103','Россия'),
('Победа','contact@pobeda.ru; +7-800-555-0104','Россия'),
('Air France','contact@airfrance.com; +33-1-23456789','Франция'),
('Lufthansa','contact@lufthansa.com; +49-30-12345678','Германия'),
('British Airways','contact@britishairways.com; +44-20-79460958','Великобритания'),
('Emirates','contact@emirates.com; +971-4-2144444','ОАЭ'),
('Turkish Airlines','contact@turkishairlines.com; +90-212-4448484','Турция'),
('Qatar Airways','contact@qatarairways.com; +974-40220000','Катар'),
('Авиакомпания Россия', 'contact@aeroflot.ru; +7-800-555-0106','Россия'),
('РЖД Приволжская', 'contact@rzd.ru; +7-800-555-0107','Россия'),
('Nordwind Airlines', 'contact@nordwind.ru; +7-800-555-0108','Россия'),
('Авиакомпания Ред Вингс', 'contact@redwings.ru; +7-800-555-0109','Россия'),
('Pegas Fly', 'contact@pegasfly.ru; +7-800-555-0110','Россия'),
('Azur Air', 'contact@azurair.ru; +7-800-555-0111','Россия'),
('Flydubai', 'contact@flydubai.com; +971-4-2144444','ОАЭ'),
('Singapore Airlines', 'contact@singaporeair.com; +65-62288888','Сингапур'),
('Qantas', 'contact@qantas.com.au; +61-2-9490-4940','Австралия'),
('American Airlines', 'contact@aa.com; +1-800-433-7300','США');

INSERT INTO transport (type, model, capacity, operator_id) VALUES
('Самолет', 'Airbus A320', 180, 1),
('Самолет', 'Boeing 737', 160, 1),
('Самолет', 'Sukhoi Superjet 100', 100, 1),
('Поезд', 'Сапсан', 600, 2),
('Поезд', 'Ласточка', 300, 2),
('Самолет', 'Airbus A321', 220, 3),
('Поезд', 'Электричка', 150, 2),
('Самолет', 'Boeing 777', 400, 4),
('Самолет', 'Embraer E190', 100, 5),
('Самолет', 'Airbus A350', 300, 6),
('Самолет', 'Boeing 747', 400, 1),
('Самолет', 'Airbus A380', 500, 1),
('Поезд', 'Скоростной поезд', 800, 2),
('Поезд', 'Тепловоз', 250, 2),
('Самолет', 'Bombardier CRJ900', 90, 3),
('Самолет', 'McDonnell Douglas MD-80', 150, 4),
('Самолет', 'Airbus A220', 140, 5),
('Поезд', 'Скорый поезд', 500, 6),
('Самолет', 'Boeing 787', 250, 7),
('Самолет', 'Airbus A330', 280, 8);

INSERT INTO routes (start_station_id, end_station_id, duration, transport_type, operator_id) VALUES
(1, 2, 120, 'Самолет', 1),
(2, 3, 150, 'Поезд', 2),
(1, 4, 60, 'Самолет', 3),
(4, 5, 30, 'Поезд', 2),
(6, 7, 180, 'Самолет', 1),
(5, 8, 90, 'Поезд', 2),
(1, 9, 240, 'Самолет', 4),
(3, 10, 200, 'Поезд', 5),
(2, 6, 300, 'Поезд', 6),
(1, 8, 170, 'Самолет', 3);

INSERT INTO schedules (route_id, departure_time, arrival_time, days_of_week, transport_id) VALUES
(1, '2024-10-26 08:00', '2024-10-26 10:00',  1, 1),
(2, '2024-10-26 14:00', '2024-10-26 16:00',  2, 2),
(3, '2024-10-27 09:00', '2024-10-27 11:00',  4, 3),
(4, '2024-10-27 15:00', '2024-10-27 17:00',  4, 4),
(5, '2024-10-28 07:00', '2024-10-28 09:00',  1, 5),
(6, '2024-10-28 13:00', '2024-10-28 15:00',  3, 6),
(7, '2024-10-29 10:00', '2024-10-29 12:00',  1, 7),
(8, '2024-10-29 16:00', '2024-10-29 18:00',  2, 8),
(9, '2024-10-30 08:30', '2024-10-30 10:30',  6, 9),
(10, '2024-10-30 14:30', '2024-10-30 16:30', 1, 10);

INSERT INTO tickets (user_id, schedule_id, price, seat_number, purchase_date, promotion_id) VALUES
(1, 1, 5000.00, '12A', NOW(), 1),
(2, 2, 7500.00, '23B', NOW(), NULL),
(3, 3, 3000.00, '5C', NOW(), 2),
(4, 4, 9000.00, '34D', NOW(), NULL),
(5, 5, 6000.00, '1A', NOW(), 3),
(6, 6, 8000.00, '2B', NOW(), NULL),
(7, 7, 2000.00, '7C', NOW(), 4),
(8, 8, 2500.00, '1D', NOW(), NULL),
(9, 9, 1000.00, '11A', NOW(), 5),
(10, 10, 1200.00, '12B', NOW(), NULL);

INSERT INTO payments (ticket_id, amount, payment_date, payment_method, status) VALUES
(1 ,1000.00,NOW(),'Кредитная карта','Завершено'),
(2 ,1500.00,NOW(),'PayPal','Завершено'),
(3 ,2000.00,NOW(),'Дебетовая карта','В ожидании'),
(4 ,2500.00,NOW(),'Банковский перевод','Завершено');

INSERT INTO feedback (user_id, route_id, rating, comment, created_at) VALUES
(1 ,1 ,5 ,'Отличный сервис!',NOW()),
(2 ,2 ,4 ,'Очень комфортно.',NOW()),
(3 ,3 ,3 ,'Средний опыт.',NOW()),
(4 ,4 ,5 ,'Мне очень понравилась поездка!',NOW()),
(5 ,5 ,2 ,'Не стоит своих денег.',NOW()),
(6 ,6 ,4 ,'Хорошая цена.',NOW()),
(7 ,7 ,5 ,'Обязательно поеду снова!',NOW()),
(8 ,8 ,4 ,'Хороший персонал.',NOW()),
(9 ,9 ,3 ,'Можно лучше.',NOW()),
(10 ,10 ,5 ,'Настоятельно рекомендую!',NOW());
-- +goose StatementEnd

-- +goose Down
-- +goose StatementBegin
-- +goose StatementEnd
